"last_name, first_name","player_id","year","k_percent","bb_percent","barrel_batted_rate","hard_hit_percent","oz_swing_miss_percent","whiff_percent","groundballs_percent","ff_avg_speed","ff_avg_spin"
"Colon, Bartolo",112526,2015,16.7,2.9,5.4,34.7,20.4,14.7,44.1,"90.9","2255"
"Burnett, A.J.",150359,2015,20.5,7,4.8,38.7,46.2,22.3,55,"91.7","2082"
"Buehrle, Mark",279824,2015,11,4,4.9,33,15.5,11.9,47.7,"84.5","2076"
"Dickey, R.A.",285079,2015,14.3,6.9,4.4,30.5,27.3,19.5,43.1,"82.3","1810"
"Lackey, John",407793,2015,19.5,5.9,5.6,32.5,38.7,20.4,48,"92.2","2194"
"Lewis, Colby",407890,2015,16.5,4.9,6.8,35.1,35.6,19.8,35.2,"88.6","2286"
"Haren, Dan",429717,2015,17.2,4.9,6.4,33.7,24.9,15.7,32.7,"86.6","2160"
"Hamels, Cole",430935,2015,24.4,7,4.4,33.4,48.9,28.4,49.6,"92.9","2100"
"Kazmir, Scott",431148,2015,20.3,7.7,5.2,34.3,37.4,23.1,44.8,"92.5","2224"
"Liriano, Francisco",434538,2015,26.5,9.1,4.3,28.2,53.9,33.5,53.8,"92.7","2031"
"Hammel, Jason",434628,2015,24.2,5.6,7.1,36.4,40.6,25,41.1,"92.8","2147"
"Gallardo, Yovani",451596,2015,15.3,8.6,2.8,34.3,28.3,16.9,51.1,"91.2","2096"
"Lester, Jon",452657,2015,25,5.7,4.4,28.4,41.2,24.5,50.5,"92.6","2222"
"Kennedy, Ian",453178,2015,24.4,7.2,8.3,39.8,38.5,25.1,41.3,"91.9","2358"
"Price, David",456034,2015,25.3,5.3,4.6,30.8,37.1,25.4,42.1,"94.6","2257"
"Lynn, Lance",458681,2015,22.2,9.1,4.9,30.9,32.2,21.2,46.2,"92.8","2418"
"Pelfrey, Mike",460059,2015,12,6.3,4.6,37.1,26.6,14.1,52.7,"93.6","1936"
"Gonzalez, Gio",461829,2015,22.3,9.1,4.8,34.1,39.6,23.7,55.2,"92.8","2241"
"Estrada, Marco",462136,2015,18.1,7.6,5.3,30.8,27.5,21.9,34,"89.8","2348"
"Carrasco, Carlos",471911,2015,29.6,5.9,4.5,34.1,44.8,28.7,52.6,"95.3","2268"
"Niese, Jonathon",477003,2015,14.7,7.1,4.4,32.5,27.9,14.8,57.5,"89.6","2050"
"Kershaw, Clayton",477132,2015,33.8,4.7,3.3,24.4,51.7,32.6,52.2,"94.3","2215"
"Tillman, Chris",501957,2015,16.2,8.6,5.1,32.3,27.4,18.5,45.7,"92.1","2258"
"Gibson, Kyle",502043,2015,17.7,7.9,5,34.4,35.3,22.9,55.5,"92.6","2216"
"Samardzija, Jeff",502188,2015,17.9,5.4,5.1,31.8,36,21.5,40.8,"94.5","2483"
"Leake, Mike",502190,2015,15.3,6.3,5.3,35.9,31.7,14.9,52.6,"90.9","2169"
"Bumgarner, Madison",518516,2015,26.9,4.5,4.8,30.1,46.9,27,42.8,"92.7","2311"
"Heston, Chris",518790,2015,18.9,8.6,4.9,36.6,36.8,22.6,53.6,"90.2","2109"
"Sale, Chris",519242,2015,32.1,4.9,4,26.7,45,32.7,42.9,,
"Zimmermann, Jordan",519455,2015,19.7,4.7,4.2,32.9,36.5,19.1,43.7,"93.6","2328"
"De La Rosa, Rubby",523989,2015,18.5,7.8,6.1,32.8,37.6,24.7,50.8,"95.1","2302"
"Ramírez, Erasmo",541640,2015,18.9,6,4.9,33.7,38.5,23.8,49.4,"91.5","2221"
"Cole, Gerrit",543037,2015,24.3,5.3,4.3,34.7,44,23.1,49,"96.3","2155"
"Hendricks, Kyle",543294,2015,22.6,5.8,3.5,29.2,34.4,20.4,53.5,"90.9","2320"
"Koehler, Tom",543408,2015,17.1,9.6,5.7,37.1,35.3,18,48.6,"92.6","2095"
"McHugh, Collin",543521,2015,19.9,6.2,3.5,29.2,38.8,23.6,47.1,"91","2141"
"Fiers, Mike",571666,2015,23.7,8.4,5.9,29.4,34.9,22,39.9,"89.9","2185"
"Richards, Garrett",572070,2015,20.3,8.8,4.9,31.6,50.5,26,56.4,"96.4","2507"
"Walker, Taijuan",592836,2015,22.3,5.5,7.6,33.8,37.6,23.5,40.6,"94.8","2125"
"Wacha, Michael",608379,2015,20.1,7.6,4.8,33.4,32.8,21.5,47.5,"94.8","2103"
"Chen, Wei-Yin",612672,2015,19.3,5.2,5.9,31.9,30.5,19,42.7,"92.2","2109"
"Wood, Alex",622072,2015,17.4,7.4,4.3,32.7,36.1,19.7,52.3,,
"Colon, Bartolo",112526,2016,16.2,4,5.3,37.6,22.7,13.6,45.1,"90.4","2264"
"Dickey, R.A.",285079,2016,17.3,8.7,7.3,35.5,33.3,23.6,42.4,"82.9","1889"
"Lackey, John",407793,2016,24.1,7.1,5.9,38.1,44.5,25.5,43.5,"92.4","2270"
"Santana, Ervin",429722,2016,19.9,7.1,5.9,31.7,39.2,22.9,43.5,"93.4","2250"
"Hamels, Cole",430935,2016,23.6,9.1,6,35.7,43.3,27.2,49.7,"92.6","2083"
"Verlander, Justin",434378,2016,28.1,6.3,7.5,32.9,41.1,26.9,35.4,"94.1","2558"
"Liriano, Francisco",434538,2016,23,11.6,6.4,33.3,49.3,28.2,53.1,"93.1","2094"
"Hammel, Jason",434628,2016,20.8,7.7,7.2,37.2,42.3,23.8,44.2,"92.6","2213"
"Nolasco, Ricky",445060,2016,17.6,5.4,6.4,35.9,41,20.9,44.1,"91","2099"
"Weaver, Jered",450308,2016,13.4,6.7,7.4,32.1,24.8,18.8,29.6,"83.8","2267"
"Fister, Doug",450729,2016,14.8,8,4.5,35.7,26.6,15.6,46.6,"87.5","1989"
"Lester, Jon",452657,2016,24.7,6.5,4.1,29.2,42.3,24,47.5,"92.7","2301"
"Kennedy, Ian",453178,2016,22.5,8.1,7.7,38.7,35.7,23.4,34.2,"92.7","2384"
"Price, David",456034,2016,24,5.3,6.3,33,35.1,24.8,44.9,"93.6","2176"
"Gonzalez, Gio",461829,2016,22.4,7.7,5.9,33.8,36.1,23.4,49,"91.6","2252"
"Estrada, Marco",462136,2016,22.8,9,7.4,31.5,37.6,26.2,34.6,"88.5","2403"
"Nova, Iván",467100,2016,18.6,4.1,6.7,41,39.5,20.5,55.4,"93.4","2267"
"Tillman, Chris",501957,2016,19.6,9.2,7.8,35.3,32,21.9,42.2,"92.3","2301"
"Samardzija, Jeff",502188,2016,20.1,6.5,6.1,35.1,35.1,20.7,47.4,"94.7","2450"
"Leake, Mike",502190,2016,16.5,4,6.2,36.8,31.6,16.3,55.1,"90.1","2253"
"Bumgarner, Madison",518516,2016,27.5,5.9,6.7,31.2,40.8,25.9,41.4,"91.4","2301"
"Duffy, Danny",518633,2016,25.7,5.7,7.9,36,43.4,27.3,37.4,"95.5","2234"
"Sale, Chris",519242,2016,25.7,5,5.7,33.3,37.4,24.8,42.2,,
"Pérez, Martín",527048,2016,12,8.9,6,37.4,32.3,18.4,54.3,"93.6","2109"
"Hendricks, Kyle",543294,2016,22.8,5.9,3.4,26.2,37,24.7,49.7,"90.2","2177"
"Koehler, Tom",543408,2016,19,10.7,6.7,33.4,40.6,23.5,44.3,"92.4","2102"
"McHugh, Collin",543521,2016,22.3,6.8,4.7,28.3,40.6,23.9,42.9,"90.7","2202"
"Roark, Tanner",543699,2016,20.1,8.5,5.4,30.3,34.1,21.9,50.9,"92.7","2118"
"Iwakuma, Hisashi",547874,2016,17.6,5.5,5.8,33.9,33,17.4,42.2,"88.9","2241"
"Tanaka, Masahiro",547888,2016,20.5,4.5,4.3,36.3,37.7,23.3,48.8,"92.6","2243"
"Fiers, Mike",571666,2016,18.5,5.8,6.1,39.2,33.4,21.6,44,"90","2188"
"Straily, Dan",573185,2016,20.5,9.2,7.5,35,39.7,23.4,33.5,"89.8","2212"
"Gausman, Kevin",592332,2016,23,6.2,7.2,33.7,36.6,25.4,45.8,"95.4","2306"
"Ray, Robbie",592662,2016,28.1,9.1,6.9,39.3,42.8,26.6,46.8,"94.9","2277"
"Sanchez, Aaron",592717,2016,20.4,8,6.1,39.8,36.7,21,55.3,"95.2","2278"
"Smyly, Drew",592767,2016,22.6,6.6,6.7,31,39.6,25,32.9,"90.8","2185"
"Davies, Zach",605200,2016,19.8,5.6,5.2,28.6,28.2,20.3,47.3,,
"Fernández, José",605228,2016,34.3,7.5,3.8,36.2,54.8,32.8,44.4,"95.9","2441"
"Graveman, Kendall",608665,2016,13.8,6,5.5,38.7,35.2,18.1,53.1,"91.7","2427"
"Dickey, R.A.",285079,2017,16.7,8.2,4.3,30.8,27.5,21,48.5,"83.6","1878"
"Lackey, John",407793,2017,20.4,7.3,6.8,36.2,38.5,23.1,42.7,"91","2172"
"Santana, Ervin",429722,2017,19.4,7.1,5.9,30.1,38.9,23.4,42.6,"93.2","2232"
"Verlander, Justin",434378,2017,25.8,8.5,7.2,35.6,39.2,23.6,34.1,"95.3","2541"
"Hammel, Jason",434628,2017,18,6,7.1,33.9,40.9,21.5,38.2,"92.2","2198"
"Nolasco, Ricky",445060,2017,18.2,7.4,8.4,40,41.2,25.4,41.4,"91","2124"
"Vargas, Jason",450306,2017,17.7,7.7,5.5,32.7,34,23.6,40.8,"85.7","2229"
"Lester, Jon",452657,2017,23.6,7.9,5.4,29.5,40.1,25.2,47.8,"91.4","2206"
"Richard, Clayton",453385,2017,17.6,6.9,4.4,33.3,34.2,20.6,60.5,"90.8","2117"
"Lynn, Lance",458681,2017,19.7,10.1,5.8,27.5,31.4,22.7,45.4,"92.4","2375"
"Gonzalez, Gio",461829,2017,22.7,9.6,4.9,27.9,34,22.3,47.7,"90","2247"
"Estrada, Marco",462136,2017,21.8,8.8,7,30.2,29,24.2,31.3,"89.8","2386"
"Nova, Iván",467100,2017,16.7,4.6,6.5,36.8,33.8,17.9,47.6,"93.1","2252"
"Carrasco, Carlos",471911,2017,28.3,5.8,7.4,34.6,54.4,29.8,46.9,"94.3","2260"
"Kershaw, Clayton",477132,2017,29.8,4.4,6.3,27.1,50.4,29.9,48.7,"92.8","2339"
"Cobb, Alex",502171,2017,17.3,5.9,6,35.1,29.1,16.9,49.3,"91.1","2045"
"Samardzija, Jeff",502188,2017,24.2,3.8,6.3,33.8,34.2,22.5,43,"94.3","2479"
"Leake, Mike",502190,2017,16.6,4.7,5.1,36.4,36.7,18.5,54.6,"90.6","2166"
"Darvish, Yu",506433,2017,27.3,7.6,6.3,31.4,46.8,28,42.6,"94.3","2506"
"Sale, Chris",519242,2017,36.2,5.1,6.1,30.5,47.2,31.8,39.8,"94.8","2336"
"Pérez, Martín",527048,2017,14.2,7.8,5.4,32.4,27.7,17.9,47.8,"93.2","2085"
"Cole, Gerrit",543037,2017,23.1,6.5,7.6,34.4,34.9,21.9,46.6,"95.9","2164"
"Roark, Tanner",543699,2017,21.4,8.2,5.4,33.1,36.2,23.5,48.9,"92.5","2088"
"Tanaka, Masahiro",547888,2017,25.8,5.5,8.6,36.2,51.9,31.2,50.1,"92.3","2228"
"Corbin, Patrick",571578,2017,21.5,7.4,6.7,35.6,47,25.6,52.2,"92.3","2293"
"Straily, Dan",573185,2017,22.1,7.8,6.9,29.2,44.4,26.6,35.8,"90.5","2227"
"Gausman, Kevin",592332,2017,21.9,8.7,8.2,33.7,41.5,25.9,44,"94.9","2249"
"Ray, Robbie",592662,2017,32.8,10.7,6.2,41,59.5,34.4,41.8,"94.2","2276"
"Davies, Zach",605200,2017,15.2,6.7,4,31.1,29.2,18.3,51.4,,
"Wacha, Michael",608379,2017,22.5,7.8,5.6,30.1,35.4,23,50.1,"95.1","2159"
"Márquez, Germán",608566,2017,21,7,7.1,36,42.9,20.7,46.8,"95","2174"
"Hamels, Cole",430935,2018,23.4,8.1,7.5,35.9,46.5,27,46.2,"92.4","2083"
"Verlander, Justin",434378,2018,34.8,4.4,6.2,32.7,47.1,31.6,30.7,"95","2618"
"Lester, Jon",452657,2018,19.6,8.4,6.6,35.4,36.6,20.3,40,"91","2230"
"LeBlanc, Wade",453281,2018,19.6,6,9,34.6,31,21.9,37.4,"86.2","1944"
"Price, David",456034,2018,24.5,6.9,7,35.7,34.4,22.9,41,"92.7","2241"
"Gonzalez, Gio",461829,2018,19.8,10.7,5.8,34.5,34.9,24,46.9,"90.1","2227"
"Carrasco, Carlos",471911,2018,29.5,5.5,6,39.1,58.2,33.1,48,"93.7","2353"
"Gibson, Kyle",502043,2018,21.7,9.6,5.7,36.4,44.9,26.8,51.4,"93.1","2219"
"Leake, Mike",502190,2018,15.2,4.3,6.7,39.6,31.9,16.7,49.7,"89.1","2121"
"Cole, Gerrit",543037,2018,34.5,8,6.2,39.8,47.7,30.9,37.6,"96.5","2379"
"Hendricks, Kyle",543294,2018,19.8,5.4,5.7,30.8,33.2,22.1,48.8,"87.3","2074"
"Roark, Tanner",543699,2018,19.2,6.6,6,33.6,36.1,20.4,42.6,"91.5","2103"
"Corbin, Patrick",571578,2018,30.8,6,5.8,35.6,53.7,34.7,49.3,"90.8","2267"
"Fiers, Mike",571666,2018,19.5,5.2,10.4,37.4,32.2,19.9,40.2,"89.4","2308"
"Mikolas, Miles",571945,2018,18.1,3.6,5.1,29.4,33.2,20.2,50.8,"94.1","2309"
"Gausman, Kevin",592332,2018,19.1,6.4,7.4,40.8,40.2,24.7,46.6,"93.6","2168"
"Taillon, Jameson",592791,2018,22.8,5.9,4.3,31.9,39.2,23.8,47.7,"95.2","2350"
"Clevinger, Mike",605182,2018,25.6,8.3,5.6,31.8,43.7,27.8,41.2,"93.6","2299"
"Freeland, Kyle",607536,2018,20.5,8.3,5,29.2,31.9,21.8,47.6,"91.8","2267"
"Giolito, Lucas",608337,2018,16.1,11.6,7,37.1,38.1,21.4,45.1,"92.4","2099"
"Márquez, Germán",608566,2018,28.2,7,5.6,39.1,55.2,28.5,48.5,"95.4","2207"
"Berríos, José",621244,2018,25.3,7.7,6,34.4,42.7,26.1,43,"93.4","2213"
"Godley, Zack",643327,2018,23.4,10.2,6.4,38.8,50.3,28.2,50.3,"89.2","2360"
"Newcomb, Sean",656794,2018,23,11.6,4.2,31.9,37.2,24.9,44.1,"93","2179"
"Verlander, Justin",434378,2019,35.4,5,7.2,33.3,47.7,33.6,36.1,"94.6","2577"
"Sánchez, Aníbal",434671,2019,18.8,8.1,6.6,28.3,33,22.4,39.1,"90.2","2238"
"Lester, Jon",452657,2019,21.6,6.8,7.4,34.7,32.8,21.1,43.9,"90.6","2251"
"Lynn, Lance",458681,2019,28.1,6.7,5.9,33.8,43.2,28.5,40.7,"94.6","2482"
"Nova, Iván",467100,2019,14.1,5.8,7.2,38.4,32.9,18.5,46.6,"92.5","2246"
"Kershaw, Clayton",477132,2019,26.8,5.8,6.6,34.1,49.2,27.7,49.2,"90.3","2477"
"Samardzija, Jeff",502188,2019,18.9,6.6,8.3,37.7,29.3,20.2,37.4,"91.6","2571"
"Leake, Mike",502190,2019,15.2,3.2,8.8,42.9,33.4,18,47.2,"88.6","2086"
"Darvish, Yu",506433,2019,31.3,7.7,7.4,37.5,50.9,30.4,46,"94.2","2547"
"Bumgarner, Madison",518516,2019,24.1,5.1,9,41.8,39.4,24.6,37.1,"91.4","2405"
"Kelly, Merrill",518876,2019,20.3,7.3,9.5,40,35.4,22.4,43.2,"92","2411"
"Pérez, Martín",527048,2019,18.3,9.1,5.3,29.7,34.7,21.7,49.4,"94.2","2131"
"Cole, Gerrit",543037,2019,39.9,5.9,5.9,35.5,57,37.2,40.7,"97.1","2530"
"Hendricks, Kyle",543294,2019,20.5,4.4,5.4,31.5,32.6,22.1,43.7,"87.2","2044"
"Roark, Tanner",543699,2019,21.9,7.1,8.4,37.3,36.5,21.1,36.7,"92.1","2145"
"Tanaka, Masahiro",547888,2019,19.6,5.3,6.2,37.9,40.4,23.2,48.2,"91.5","2143"
"Ryu, Hyun Jin",547943,2019,22.5,3.3,4.7,30.8,36.9,24.9,52.4,"90.7","2084"
"Corbin, Patrick",571578,2019,28.5,8.4,9.4,38.7,53.3,31.7,50.8,"91.8","2283"
"Fiers, Mike",571666,2019,16.7,7,7.2,38.3,27.6,18.2,40.3,"90.4","2322"
"Mikolas, Miles",571945,2019,18.8,4.2,6.1,36.6,35.7,21.7,48.8,"93.7","2302"
"Ray, Robbie",592662,2019,31.5,11.2,10.7,38.6,48.8,32.7,40.8,"92.4","2257"
"Giolito, Lucas",608337,2019,32.3,8.1,9.4,34.6,50.3,32.4,36.3,"94.2","2333"
"Márquez, Germán",608566,2019,24.3,4.9,7.9,43.1,52.9,26.6,50.2,"95.7","2225"
"Eflin, Zach",621107,2019,18.3,6.8,6.9,32.8,32.1,20.3,46,"93.8","2186"
"Berríos, José",621244,2019,23.2,6.1,6.5,32,36.3,23.5,42.9,"93.1","2190"
"Hudson, Dakota",641712,2019,18,11.4,6.8,38.8,46.7,23.7,57.4,"93.9","2168"
"Alcantara, Sandy",645261,2019,18,9.7,6.5,34.3,38.2,23.8,45.5,"95.6","2357"
"Soroka, Michael",647336,2019,20.3,5.8,5.1,37.5,36.1,22.9,52.9,"92.9","2362"
"Flaherty, Jack",656427,2019,29.9,7.1,6.9,30.3,49.3,30.7,40.7,"94.3","2222"
"Lester, Jon",452657,2020,15.8,6.4,12.3,38.9,32.4,18.1,48.3,"89.4","2223"
"Lynn, Lance",458681,2020,25.9,7.3,5.4,37.5,40.9,25.4,37.1,"94","2491"
"Carrasco, Carlos",471911,2020,29.3,9.6,8.3,34.9,58.4,32.8,47.3,"93.7","2472"
"Gibson, Kyle",502043,2020,19.3,10,7.2,39.6,43.8,23.3,51.7,"92.4","2261"
"Darvish, Yu",506433,2020,31.3,4.7,6.4,34.2,57.6,32.1,43.9,"95.9","2582"
"Pérez, Martín",527048,2020,17.6,10.7,7.6,29.2,26,22.1,39.5,"92.2","2049"
"Cole, Gerrit",543037,2020,32.6,5.9,9.1,44.6,52.7,34.2,37.7,"96.7","2505"
"Hendricks, Kyle",543294,2020,20.3,2.5,4.5,32,36.6,24.9,47.1,"87.4","1969"
"Ryu, Hyun Jin",547943,2020,26.2,6.2,3.2,29.2,39.4,26.2,52.4,"89.8","1995"
"Corbin, Patrick",571578,2020,20.3,6.1,6.5,44.2,44.8,23.6,46.1,"90.2","2158"
"Davies, Zach",605200,2020,22.8,6.9,10.3,36.6,40,25.5,43.3,"88.7","1999"
"Freeland, Kyle",607536,2020,15.1,7.6,5.6,35.8,36.3,20.5,52.2,"92.2","2448"
"Giolito, Lucas",608337,2020,33.7,9.7,5.6,35.4,57.6,36.6,44.1,"94","2349"
"Márquez, Germán",608566,2020,21.2,7.3,4.9,40.2,55.5,26.3,50.8,"95.9","2157"
"Berríos, José",621244,2020,25.1,9.6,6.3,39.7,41.9,27.5,42,"94.5","2192"
"Lamet, Dinelson",659275,2020,34.8,7.5,7.3,40,59.5,32.7,38.7,"97","2496"
"Valdez, Framber",664285,2020,26.4,5.6,7.9,48.7,46.6,24.5,60.2,"93.7","2330"
"Gibson, Kyle",502043,2021,20.6,8.5,4.9,39.1,43.7,25.2,52.4,"92.8","2292"
"Darvish, Yu",506433,2021,29.2,6.5,8.8,34.9,49.9,27.3,37.9,"94.5","2513"
"Cole, Gerrit",543037,2021,33.5,5.6,9.8,38.6,46,31.9,42.7,"97.7","2452"
"Eovaldi, Nathan",543135,2021,25.5,4.6,6.3,36.4,47.4,25.9,42.7,"96.8","2113"
"Hendricks, Kyle",543294,2021,16.7,5.6,8.4,33,29.4,20.1,44.6,"87.3","1941"
"Lyles, Jordan",543475,2021,19,7.3,9.1,41.6,43.1,23.5,38.8,"93","2278"
"Ryu, Hyun Jin",547943,2021,20.4,5.3,8.5,41.6,35.7,22.6,47.2,"89.9","1943"
"Corbin, Patrick",571578,2021,19,8,9.2,41.2,46.5,24.9,48.3,"92.2","2149"
"Gausman, Kevin",592332,2021,29.3,6.5,7.1,40.9,51.4,31.4,42.7,"94.6","2283"
"Ray, Robbie",592662,2021,32.1,6.7,9.8,43.1,56.2,32.3,37.3,"94.8","2272"
"Montas, Frankie",593423,2021,26.6,7.3,8.7,42.3,46.6,29.6,43.5,"96.4","2395"
"Giolito, Lucas",608337,2021,28,7.1,6.7,34.2,52.8,32.2,34.2,"93.8","2345"
"Márquez, Germán",608566,2021,23.3,8.5,5.3,39.3,56.8,27.2,52.8,"94.8","2078"
"McCullers Jr., Lance",621121,2021,27,11.1,5.3,40.7,57.2,30.2,56.9,,
"Berríos, José",621244,2021,26.1,5.8,9.1,38.3,37.6,23.7,43.7,"94.1","2231"
"Flexen, Chris",623167,2021,16.9,5.4,6.3,38.1,32,19.3,43,"92.8","2107"
"Urías, Julio",628711,2021,26.2,5.1,5.3,30.3,38.2,24.3,42.4,"94.1","2499"
"Mahle, Tyler",641816,2021,27.7,8.4,6.5,34.3,43.8,28.4,44,"94","2336"
"Alcantara, Sandy",645261,2021,24,6,6.1,39.4,45.4,27.5,54,"98.1","2239"
"Verlander, Justin",434378,2022,27.8,4.4,6.3,34.8,38,24.2,38.6,"95","2423"
"Gibson, Kyle",502043,2022,20.1,6.7,7.5,37.5,47,25.2,46.8,"92","2279"
"Darvish, Yu",506433,2022,25.6,4.8,8.8,37.1,43.6,25.1,38.5,"95","2419"
"Kelly, Merrill",518876,2022,22,7.6,8.3,36.5,35.9,23.6,43.8,"92.6","2361"
"Pérez, Martín",527048,2022,20.6,8.4,4.3,34.9,30.5,21,51.9,"92.9","2068"
"Cole, Gerrit",543037,2022,32.4,6.3,9.5,40.2,53.8,34.1,42,"97.8","2428"
"Lyles, Jordan",543475,2022,18.6,6.7,10.4,38.8,37.5,21.9,40.4,"91.8","2206"
"Mikolas, Miles",571945,2022,19,4.8,6.9,36,34.6,18.7,45.9,"93.5","2291"
"Gausman, Kevin",592332,2022,28.3,3.9,8.1,38.5,46.2,29.4,40.1,"95","2265"
"Ray, Robbie",592662,2022,27.4,8,7.9,39.1,48.4,30,38.9,"93.4","2284"
"Taillon, Jameson",592791,2022,20.7,4.4,8.3,36.2,40.1,23.1,41.4,"94.1","2371"
"Freeland, Kyle",607536,2022,17.1,6.9,9.7,42.4,38.8,20.8,43.1,"90.3","2392"
"Márquez, Germán",608566,2022,19.3,8.1,7.1,47.2,48.7,23.2,48.6,"95.6","2139"
"Berríos, José",621244,2022,19.8,6,9.5,43.8,38.4,21.3,40.7,"94","2241"
"Urías, Julio",628711,2022,24.1,6,6.7,30.4,39.5,23.9,40,"93.1","2521"
"López, Pablo",641154,2022,23.6,7.2,9,35.1,43.2,28.2,47.1,"93.6","2197"
"Alcantara, Sandy",645261,2022,23.4,5.6,5.3,38.5,41.4,25.4,54.2,"98","2200"
"Wright, Kyle",657140,2022,23.6,7.2,6.8,41.1,46.7,26.5,55.5,"95.2","2389"
"McKenzie, Triston",663474,2022,25.6,5.9,9.8,40.6,48.6,26.8,34.3,"92.5","2312"
"McClanahan, Shane",663556,2022,30.3,5.8,6.4,32.6,52.3,34.3,50.6,"96.7","2233"
"Valdez, Framber",664285,2022,23.5,8.1,5.8,41.6,54.6,25.8,67.4,"94.1","2201"
"Manoah, Alek",666201,2022,22.9,6.5,5.4,31.5,41,24.9,38.4,"93.9","2369"
"Verlander, Justin",434378,2023,21.5,6.7,8.2,41.3,36.1,22.5,36.2,"94.3","2428"
"Lynn, Lance",458681,2023,23.6,8.3,10.4,39.3,44.9,28.8,36.3,"92.4","2424"
"Gibson, Kyle",502043,2023,19.5,6.8,7.6,44.5,45.3,25.4,49.7,"92.1","2258"
"Kelly, Merrill",518876,2023,25.9,9.4,7.8,41.8,42.3,27,45.7,"92.2","2344"
"Cole, Gerrit",543037,2023,27,5.8,7.6,39.2,41.9,26.2,40.3,"96.7","2412"
"Lyles, Jordan",543475,2023,16,6,9.9,35.5,38.3,20.1,33.9,"91.2","2251"
"Corbin, Patrick",571578,2023,15.7,7.2,9.3,44,43.1,21.4,45.3,"91.7","2101"
"Mikolas, Miles",571945,2023,15.9,4.5,9.8,43,26.7,16.7,39,"93.3","2276"
"Kikuchi, Yusei",579328,2023,25.9,6.9,9,42.4,50.4,28,40,"95.1","2339"
"Gausman, Kevin",592332,2023,31.1,7.2,9.9,43.3,45.8,28.9,42.9,"94.7","2278"
"Walker, Taijuan",592836,2023,18.8,9.7,6.8,40.9,34.5,20.5,45.3,"92.8","2114"
"Giolito, Lucas",608337,2023,25.7,9.2,11,41.6,52.6,28.8,36.1,"93.1","2173"
"Eflin, Zach",621107,2023,26.5,3.4,9,35.1,38.8,24.1,50.4,"93.1","2229"
"Berríos, José",621244,2023,23.5,6.6,8.6,35.8,42.7,25.5,42.1,"94.3","2230"
"López, Pablo",641154,2023,29.2,6,6.3,34.8,48,30.3,45.4,"94.9","2262"
"Dunning, Dane",641540,2023,19.4,7.6,7.5,40.2,41.4,22.3,47.2,"90.6","2169"
"Peralta, Freddy",642547,2023,30.9,7.9,8.6,37.7,53.8,33.6,42.8,"94.4","2414"
"Alcantara, Sandy",645261,2023,19.8,6.3,7,40.6,39.7,25.4,51.9,"98","2254"
"Keller, Mitch",656605,2023,25.5,6.7,8.6,35.6,37.6,23.2,44.2,"95.2","2378"
"Steele, Justin",657006,2023,24.6,5,5.4,36.6,44.9,24,50.3,"91.8","2402"
"Valdez, Framber",664285,2023,24.8,7.1,8,45.6,56.1,26.8,55.2,"94.5","2121"
"Kremer, Dean",665152,2023,21.4,7.5,8.9,40.3,38.4,24,40.2,"94.6","2305"
"Bradish, Kyle",680694,2023,25,6.6,6.9,42,54.5,26,49.1,"94.5","2383"
"Elder, Bryce",693821,2023,17.5,8.6,6,41,43.4,23.6,50.6,"90.8","2132"
"Gibson, Kyle",502043,2024,20.9,9.4,9.2,39.1,47.5,25.9,44.5,"91.4","2232"
"Sale, Chris",519242,2024,32.1,5.6,5.6,31.2,49.4,31,46,"94.8","2240"
"Eovaldi, Nathan",543135,2024,23.9,6,7.7,42.6,44.5,26.8,48.9,"95.4","2188"
"Corbin, Patrick",571578,2024,18.2,7.1,8.3,46.7,42.5,22.4,47.2,"91.3","2149"
"Mikolas, Miles",571945,2024,16.9,3.5,8.1,42.3,28.7,16.4,42,"93.2","2253"
"Kikuchi, Yusei",579328,2024,28,6,9.7,45,49.2,29,42.6,"95.5","2289"
"Gausman, Kevin",592332,2024,21.4,7.4,9.7,42.4,39.1,23.4,39.3,"94","2287"
"Taillon, Jameson",592791,2024,18.5,4.9,7.2,38.8,39.9,19.5,40.4,"92.3","2283"
"Gomber, Austin",596295,2024,16.7,5.5,9.6,41.2,35.3,19.9,38.4,"90.4","2180"
"Rea, Colin",607067,2024,18.9,6,8.7,42,30.9,19.3,39.5,"93","2174"
"Wacha, Michael",608379,2024,21.2,6.6,8.2,32.5,38.5,23.3,39.9,"93.6","2135"
"Eflin, Zach",621107,2024,19.6,3.5,7.5,36.1,37.7,21.6,43.4,"92.5","2204"
"Berríos, José",621244,2024,19.5,6.9,7.8,41.8,37.8,21.1,43.2,"94.1","2164"
"López, Pablo",641154,2024,25.6,5.3,8.2,37.5,43.7,27,44,"95","2206"
"Ober, Bailey",641927,2024,26.9,6.1,8.3,34.3,41.7,29,34.3,"91.7","2303"
"Peralta, Freddy",642547,2024,27.6,9.4,8.7,36.9,47.9,31.1,37.4,"94.3","2436"
"King, Michael",650633,2024,27.7,8.7,6.2,30.3,45.6,29.3,41.5,"93.7","2286"
"Sánchez, Cristopher",650911,2024,20.3,5.8,5.4,34.5,37.4,24.3,58.3,,
"Flaherty, Jack",656427,2024,29.9,5.9,7.7,35.9,51.8,32.1,40.2,"93.3","2258"
"Houck, Tanner",656557,2024,20.7,6.5,5.7,41.8,39.6,22.6,55.5,"95.1","2274"
"Keller, Mitch",656605,2024,21.5,6.5,7.2,39.3,39.7,21.5,39.8,"94.5","2404"
"Feltner, Ryan",663372,2024,19.9,7.5,6.5,36.8,42.6,23.9,44.4,"94.6","2354"
"Irvin, Jake",663623,2024,20.3,6.8,9.2,39.1,41.9,22.3,44.7,"93.9","2377"
"Valdez, Framber",664285,2024,24,7.8,5.3,45,54.5,27.2,61.7,"94.8","2160"
"Gore, MacKenzie",669022,2024,24.8,8.9,6.8,38.1,52.5,28.6,39.5,"96","2309"
"Skubal, Tarik",669373,2024,30.3,4.6,6.7,33.9,50.8,31.9,46.4,"96.9","2226"
"Blanco, Ronel",669854,2024,24.6,10.1,9.3,35.5,52.8,29,39.9,"93.4","2228"
"Crawford, Kutter",676710,2024,23.1,6.7,9.9,36.3,44.3,25.3,33.8,"92.6","2505"
"Bello, Brayan",678394,2024,21.8,9.1,7.4,41.1,43.5,25.9,51.3,"95.7","2192"
"Miller, Bryce",682243,2024,24.3,6.4,9.7,41.2,43.5,24.4,38.6,"95.2","2484"
"Imanaga, Shota",684007,2024,25.1,4,8.6,39.3,47.6,28.3,37.2,"91.7","2442"
"Kelly, Merrill",518876,2025,22.3,6.4,9.2,43.5,41.6,24.1,43.7,"91.9","2368"
"Hendricks, Kyle",543294,2025,16.4,6.2,8.3,34.3,25.4,18.3,39.2,"86.5","2051"
"Kikuchi, Yusei",579328,2025,22.5,9.6,9.4,42.2,41.7,23.6,40.3,"94.8","2187"
"Gausman, Kevin",592332,2025,24.4,6.5,8.5,41.4,45.6,26.4,37.3,"94.5","2261"
"Ray, Robbie",592662,2025,24.6,9.7,9.6,44.7,49.3,27.8,36.6,"93.6","2360"
"Springs, Jeffrey",605488,2025,19.4,7.6,8.1,37.3,41.9,26,31.9,"90.7","2171"
"Martinez, Nick",607259,2025,17,6.1,6.9,34.5,39,19.9,39.3,"92.6","2316"
"Freeland, Kyle",607536,2025,17.5,5.4,9.4,47.3,47.5,21,41.6,"91.6","2403"
"Wacha, Michael",608379,2025,17.6,6.3,7.4,34.6,36.2,21.3,37.8,"93.1","2163"
"Berríos, José",621244,2025,19.8,8,11.3,42.5,39.8,22,42.3,"93","2131"
"Littell, Zack",641793,2025,17.1,4.2,9.9,40.9,37.5,20.4,40.7,"92.1","2012"
"Peralta, Freddy",642547,2025,28.2,9.1,9.3,34.5,47,30.1,37.5,"94.8","2441"
"Alcantara, Sandy",645261,2025,19.1,7.7,8.6,45,39.9,20.9,46.6,"97.7","2286"
"Sánchez, Cristopher",650911,2025,26.3,5.5,5.7,39.8,49.5,30.4,58.5,,
"Keller, Mitch",656605,2025,20,6.8,7.8,43.8,43.8,20.6,44.3,"94.1","2404"
"Peterson, David",656849,2025,20.7,9,6.4,46,46.2,24,55.4,"92.3","2132"
"Ryan, Joe",657746,2025,28.2,5.7,11.5,41.9,40.4,26.1,36.9,"93.7","2295"
"Irvin, Jake",663623,2025,15.8,7.9,11.9,47.1,37.2,18.2,43.5,"92.4","2332"
"Valdez, Framber",664285,2025,23.3,8.5,6.7,46.3,52.1,26.6,59.4,"94.3","2248"
"Kremer, Dean",665152,2025,20.1,6.4,8.5,35.8,38.3,22.9,40.2,"93.3","2284"
"Soriano, José",667755,2025,21,10.8,7.2,48.2,54.6,27,66,"97.9","2225"
"Williams, Gavin",668909,2025,24.6,11.8,9,44.3,51.8,27.7,46.1,"96.6","2308"
"Baz, Shane",669358,2025,24.8,9,9.5,39.4,47.9,25.8,47,"97","2456"
"Skubal, Tarik",669373,2025,32.2,4.4,8.1,33,51.3,32.5,41.6,"97.6","2354"
"Pallante, Andre",669467,2025,15.5,8.7,6.5,39.9,44.8,22.3,59.9,"94.5","2307"
"Abbott, Andrew",671096,2025,21.8,6.3,8,33.7,37.6,24,32.9,"92.8","2275"
"Bello, Brayan",678394,2025,17.7,8.4,7.1,39.3,41.3,20.1,50,"95.1","2161"
"Skenes, Paul",694973,2025,29.5,5.7,5.8,40.1,45.8,30.1,44.6,"98.2","2255"
"Warren, Will",701542,2025,24.1,9.1,10.9,45.3,40.7,24.6,42.8,"93.3","2573"
"Yamamoto, Yoshinobu",808967,2025,29.4,8.6,5.7,39.7,50.4,28.9,53.7,"95.4","2200"
"Sabathia, CC",282332,2015,18.9,6.9,4.1,31.1,35,21.6,48.2,"90.8","2114"
"Harang, Aaron",421685,2015,14.4,6.8,7,37,28.5,17,38.6,"89.6","2349"
"Greinke, Zack",425844,2015,23.7,4.7,4,27.8,42.5,27.1,49.2,"92.4","2406"
"Simon, Alfredo",430580,2015,14.3,8.3,6.1,39.1,33.6,18.7,45.8,"93.5","2252"
"Danks, John",433579,2015,16.1,7.3,5.1,30.4,32.1,20,39.7,"90","2358"
"Hernández, Félix",433587,2015,23.2,7,4.2,34.6,41.3,25.1,57.7,"92.6","1945"
"Jiménez, Ubaldo",434622,2015,21.2,8.6,4.2,31.8,34.9,21.5,50.4,"91.3","2130"
"Kluber, Corey",446372,2015,27.7,5.1,5.6,32.1,47,27,44.3,"93.2","2381"
"Shields, James",448306,2015,25.1,9.4,5.6,37.7,45.2,28.8,46.6,"91.7","2278"
"Volquez, Edinson",450172,2015,18.2,8.5,5.9,33.5,36.4,22.5,47.3,"94.4","2333"
"Scherzer, Max",453286,2015,30.7,3.8,5.8,29.8,45.6,31,38.4,"94.8","2498"
"Arrieta, Jake",453562,2015,27.1,5.5,2.2,24.7,43.2,25.4,57.6,"95.1","2292"
"Cueto, Johnny",456501,2015,20.3,5.3,4.9,31.8,32.6,22.1,43.9,"93.3","2284"
"Happ, J.A.",457918,2015,21.1,6.3,4.6,37.4,32.1,20.2,43.5,"92.6","2372"
"Anderson, Brett",474463,2015,15.5,6.1,4.1,32.8,34.8,18.5,67.4,"91.5","1850"
"Ross, Tyson",475115,2015,25.8,10.2,3.3,32.8,54.6,30.6,62.2,"93.6","2537"
"Cashner, Andrew",488768,2015,20.5,8.2,5.1,34.6,34.9,19.7,50.3,"95.5","2211"
"Miley, Wade",489119,2015,17.7,7.7,4.5,31.5,36.5,21,50.5,"91.4","2220"
"Quintana, Jose",500779,2015,20.5,5.1,4.3,32.9,40.3,21.7,47.7,"91.9","2082"
"Archer, Chris",502042,2015,29,7.6,4.6,39.1,51.8,29.7,47.3,"95.8","2187"
"Locke, Jeff",502046,2015,17.5,8.2,3.5,30,32.6,21.8,53.1,"92","2105"
"Santiago, Héctor",502327,2015,20.9,9.1,7.9,35.8,30.4,21.4,30.8,,
"Salazar, Danny",517593,2015,25.8,7,6.4,37.5,39,25.6,45.2,"95.6","2346"
"Harvey, Matt",518774,2015,24.9,4.9,3.4,30.4,40.3,26.5,48.7,"96.5","2337"
"Nelson, Jimmy",519076,2015,19.7,8.6,4.8,28.9,38.9,22.6,51.7,"94","2275"
"Porcello, Rick",519144,2015,20.2,5.2,5.6,36.5,33.2,21,47,"92.1","2497"
"Teheran, Julio",527054,2015,20.3,8.7,5.1,36.6,40.4,25.9,41.5,"92.1","2266"
"DeSclafani, Anthony",543101,2015,19.2,7,4.9,34.3,36.7,21.6,46.7,"93.4","2176"
"Gray, Sonny",543243,2015,20.3,7.1,4.5,34.6,44.4,22.5,52.9,"93.7","2366"
"Odorizzi, Jake",543606,2015,21.4,6.6,6.2,33.9,34.4,23.4,40.1,"91.9","2180"
"Bauer, Trevor",545333,2015,22.8,10.6,5.9,33.9,45.4,22.6,40.6,"93.5","2221"
"Ventura, Yordano",570649,2015,22.5,8.4,5.3,31.9,46.9,24.4,52.8,"97.2","2200"
"Miller, Shelby",571946,2015,19.9,8.5,3.6,27.7,35.2,21.3,49,"94.9","2301"
"Keuchel, Dallas",572971,2015,23.7,5.6,3.3,28,42.5,25.2,62.1,"89.5","2146"
"Martinez, Carlos",593372,2015,24.4,8.3,4.6,33.6,41,24.1,56.4,"96.4","2093"
"deGrom, Jacob",594798,2015,27.3,5.1,4,29.6,42.5,27,48,"95.6","2261"
"Sabathia, CC",282332,2016,19.8,8.5,4.4,26.9,36.4,23,51.5,"89","2192"
"Wainwright, Adam",425794,2016,19,7,5.9,30.2,39,20.2,45.2,"90.8","2192"
"Kluber, Corey",446372,2016,26.4,6.6,6,30.4,48.3,28.2,45.7,"92.9","2443"
"Shields, James",448306,2016,16.4,10,8.4,33.3,40.1,22.3,41.7,"91.1","2289"
"García, Jaime",448802,2016,20.2,7.7,5.7,35.3,40.2,21.7,58.4,"91.1","2416"
"Volquez, Edinson",450172,2016,16.3,8.9,6.3,35.5,36.2,19.8,52.5,"94","2312"
"Scherzer, Max",453286,2016,31.5,6.2,6.1,29.5,49.4,32.4,34.7,"95","2551"
"Arrieta, Jake",453562,2016,23.9,9.6,4.8,29.6,42.1,25.2,53.7,"94.2","2317"
"Cueto, Johnny",456501,2016,22.5,5.1,4.4,33.2,34,21.8,52.2,"92.6","2316"
"Happ, J.A.",457918,2016,20.5,7.5,7.4,37.2,34.4,22.3,43.7,"92.4","2379"
"Tomlin, Josh",458708,2016,16.3,2.8,7.2,32.2,28.9,17,44.5,"88.4","2425"
"Hellickson, Jeremy",476451,2016,19.9,5.8,6.9,28.4,35.9,24.1,43.4,"90.7","2105"
"Miley, Wade",489119,2016,19.3,6.9,6.7,37.4,35.4,20.8,48.6,"90.9","2177"
"Quintana, Jose",500779,2016,21.6,6,4.5,34.2,34,18.6,40.7,"92.6","2065"
"Pineda, Michael",501381,2016,27.4,7,6.7,39.3,54.5,31.2,46,"94.6","2086"
"Archer, Chris",502042,2016,27.4,7.9,8.4,40.5,53.8,29.6,48.7,"95","2190"
"Santiago, Héctor",502327,2016,18.3,10.1,9.3,39.3,29.9,19.9,35.5,,
"Bettis, Chad",518452,2016,17,7.2,5.6,34.9,36.9,21.6,53.9,"92.3","1963"
"Moore, Matt",519043,2016,21.2,8.6,6.4,31.4,38.9,24.2,39.5,"93.4","2285"
"Nelson, Jimmy",519076,2016,17.3,10.7,5.5,35.1,31.8,19,51.2,"93.6","2324"
"Pomeranz, Drew",519141,2016,26.5,9.2,7.3,34.4,41,25.9,48.6,"91.8","2467"
"Porcello, Rick",519144,2016,21.2,3.6,7,35.1,31,18.6,44.1,"92.2","2447"
"Teheran, Julio",527054,2016,22,5.4,6.5,33.6,38.3,24.1,41.2,"91.7","2288"
"Odorizzi, Jake",543606,2016,21.5,7,8.4,35.9,30.2,21.8,37.7,"91.9","2268"
"Bauer, Trevor",545333,2016,20.7,8.6,5.7,39.7,41.9,22.5,49.1,"94","2248"
"Ventura, Yordano",570649,2016,17.6,9.6,7.8,38.4,45.4,22.1,51.4,"96.9","2190"
"Keuchel, Dallas",572971,2016,20.5,6.8,6.9,36.9,38.9,23.2,57.8,"88.8","2157"
"Stroman, Marcus",573186,2016,19.4,6.3,4.9,41.9,40.2,21.5,61.6,"93.5","2377"
"Gray, Jon",592351,2016,26,8.3,6.2,34.7,52,26.5,44.8,"95.8","2183"
"Syndergaard, Noah",592789,2016,29.3,5.8,3.5,31.8,48.2,30.4,52.2,"98.7","2202"
"Martinez, Carlos",593372,2016,21.5,8.7,3.8,30.5,37.9,23.1,57.9,"97.2","2129"
"Eickhoff, Jerad",595191,2016,20.6,5.2,5.7,35,36.2,21.7,42.8,"91.6","2237"
"Finnegan, Brandon",605232,2016,19.8,11.4,8,35.5,35.9,22.6,40.9,"92.3","2230"
"Rodón, Carlos",607074,2016,23.5,7.6,4.5,35,43.7,23.6,44,"94.2","2243"
"Maeda, Kenta",628317,2016,25,7,5.4,25.5,40.3,27.5,44.9,"90.7","2348"
"Greinke, Zack",425844,2017,26.8,5.6,7.4,30.9,45.5,29,47.9,"90.8","2392"
"Kluber, Corey",446372,2017,34.1,4.6,5.3,29.2,58.9,33.6,45.9,"92.7","2372"
"Scherzer, Max",453286,2017,34.4,6.9,5.6,29.5,48.3,32.2,38.3,"94","2502"
"Arrieta, Jake",453562,2017,23.1,7.8,5.6,33.3,35.2,21.3,45.5,"92.2","2312"
"Chacín, Jhoulys",468504,2017,20,9.4,5.7,28.4,40.1,20.5,50.4,"91.4","2207"
"Hellickson, Jeremy",476451,2017,13.8,6.8,6.4,34.7,24.9,18.1,36.4,"90.1","2096"
"Cashner, Andrew",488768,2017,12.2,9.1,3.9,32.3,28.6,14.9,48.8,"93.8","2193"
"Quintana, Jose",500779,2017,26.2,7.7,5.9,35.5,37.1,21.4,46.1,"92.2","2042"
"Archer, Chris",502042,2017,29.2,7,5.9,40.2,50.7,30.3,43.1,"95.5","2249"
"Moore, Matt",519043,2017,18.7,8.5,9,40.3,35.3,19.8,38.6,"91.9","2257"
"Nelson, Jimmy",519076,2017,27.3,6.6,4,31.4,42.3,25.5,51.1,"94.1","2300"
"Pomeranz, Drew",519141,2017,23.5,9.2,6.7,35.7,39.9,24.2,45.2,"91.4","2359"
"Porcello, Rick",519144,2017,20.5,5.4,8,35.7,29.8,21.1,40,"92.1","2441"
"Teheran, Julio",527054,2017,18.6,8.9,6.4,30.5,34,21.6,40.9,"91.4","2274"
"Gray, Sonny",543243,2017,22.6,8.4,6.2,38.6,50.1,27.3,54,"93.4","2474"
"Strasburg, Stephen",544931,2017,29.1,6.7,6.1,32,47.4,27.8,47.6,"95.4","2171"
"Bauer, Trevor",545333,2017,26.2,8,7.8,39.2,48.4,23.9,46.7,"94.1","2278"
"Ureña, José",570632,2017,15.6,8.8,8.6,30.9,32.2,19.9,44.3,"95.8","2175"
"Stroman, Marcus",573186,2017,19.7,7.4,5,38.6,46.9,23.6,63,"94","2337"
"Martinez, Carlos",593372,2017,25.3,8.3,4.8,33.3,42.7,24.6,52.4,"96.3","2091"
"deGrom, Jacob",594798,2017,28.9,7.1,5.9,28.8,42.1,29.3,47.6,"95.2","2362"
"Bundy, Dylan",605164,2017,21.8,7.3,7.8,36.5,39.3,25.4,33.2,"92.2","2485"
"Fulmer, Michael",605242,2017,16.9,5.9,4.9,29.4,36.1,21.6,50.8,"95.6","2108"
"Nola, Aaron",605400,2017,26.6,7.1,5,31,41.7,26.6,50.4,"92.3","2098"
"Perdomo, Luis",606131,2017,16.5,9.1,5,36.4,42.5,21.8,62.1,"94.3","1969"
"Blach, Ty",621389,2017,10.5,6.2,3.7,33,25.7,15.6,47.8,"89.7","2093"
"Severino, Luis",622663,2017,29.4,6.5,6.1,33.5,47.3,28.1,50.5,"97.5","2301"
"Greinke, Zack",425844,2018,23.7,5.1,6.4,33.5,36.2,26,45.5,"89.5","2335"
"Kluber, Corey",446372,2018,26.4,4,6.3,34.5,50,26.9,45.6,"92","2410"
"Shields, James",448306,2018,17.7,9,8.3,35.6,41,24.5,36.8,"89.5","2271"
"Morton, Charlie",450203,2018,28.9,9.2,5.8,31,54.1,28.5,48.9,"96.1","2243"
"Scherzer, Max",453286,2018,34.6,5.9,6.6,31.7,51.1,33.1,35.2,"94.4","2487"
"Arrieta, Jake",453562,2018,19.1,7.9,5.6,31.7,33.5,19.5,51.9,"92.4","2310"
"Happ, J.A.",457918,2018,26.4,7,8.8,34,38,24.1,40.7,"92.3","2334"
"Chacín, Jhoulys",468504,2018,19.6,8.9,6.5,37.8,42.6,21.3,44.4,"89.9","2136"
"Quintana, Jose",500779,2018,21.4,9.2,6.1,37.6,37.4,20.6,44.7,"91.5","2019"
"Holland, Derek",502706,2018,23.2,9.2,6.6,35.4,35.8,23.8,42.1,,
"Porcello, Rick",519144,2018,23.5,5.9,7,35.7,37.1,20.5,44.9,"91.3","2433"
"Teheran, Julio",527054,2018,22.4,11.6,7.2,36.7,47,28.5,39.7,"89.9","2326"
"Anderson, Tyler",542881,2018,22.3,7.9,5.7,31.4,47.3,25.4,38,"91.9","2250"
"Odorizzi, Jake",543606,2018,22.8,9.8,7.4,39,33.9,24.7,30.6,"91.1","2255"
"Bauer, Trevor",545333,2018,30.8,7.9,4.4,29.1,55.3,31.5,45.3,"94.5","2322"
"Wheeler, Zack",554430,2018,24.1,7.4,4.8,27.1,37.4,24.7,46.1,"95.8","2307"
"Ureña, José",570632,2018,18.3,7.2,6.2,36.2,28.3,20.2,50.7,"95.6","2148"
"Boyd, Matthew",571510,2018,22.4,7.2,6.1,32.3,41.1,23.6,30.5,"90.5","2282"
"Heaney, Andrew",571760,2018,24,6,7.8,37.2,42.4,26.3,43.6,,
"Keuchel, Dallas",572971,2018,17.5,6.6,4.5,33,33.6,19.8,54.9,"89.7","2166"
"Foltynewicz, Mike",592314,2018,27.2,9.2,6.9,34.5,45.3,25.7,43.7,"96.3","2349"
"Gray, Jon",592351,2018,24.7,7,5.8,37.9,58.4,29.2,49.3,"94.7","2015"
"Williams, Trevor",592866,2018,18,7.8,5.8,31,31.5,18.8,43,"91.1","2171"
"deGrom, Jacob",594798,2018,32.2,5.5,4.1,28.9,46.7,31.4,47.8,"96","2362"
"Gonzales, Marco",594835,2018,21.1,4.7,5.4,35,28.3,21.1,45.3,"90.1","2263"
"Junis, Jakob",596001,2018,21.6,5.7,8.6,35.6,45.1,22.4,42.7,"91.3","2024"
"Pivetta, Nick",601713,2018,27.1,7.3,7.8,34.9,45.9,27.5,49.7,"94.8","2267"
"Bundy, Dylan",605164,2018,24.5,7.2,8.5,37.4,45.6,26.8,34.8,"91.6","2417"
"Nola, Aaron",605400,2018,27,7,4.6,31.2,42.6,27.7,52.4,"92.7","2116"
"Snell, Blake",605483,2018,31.6,9.1,7.2,32.7,54.2,34.7,45.7,"95.8","2364"
"Castillo, Luis",622491,2018,23.3,6.9,8.8,39.5,43.8,28.7,47.9,"95.8","2200"
"Severino, Luis",622663,2018,28.2,5.9,7.7,34.7,43.4,26.8,42,"97.6","2365"
"López, Reynaldo",625643,2018,18.9,9.4,7.3,36.1,33.8,21.3,33.6,"95.5","2102"
"Wainwright, Adam",425794,2019,20.5,8.6,6.5,39.2,36.3,19.5,49.4,"89.6","2191"
"Greinke, Zack",425844,2019,23.1,3.7,6.3,33.3,37,24.1,46.3,"89.9","2326"
"Morton, Charlie",450203,2019,30.4,7.2,5,32.8,52.1,29.6,48.2,"94.7","2259"
"Scherzer, Max",453286,2019,35.1,4.8,6.6,35.5,50.3,33.9,41.3,"94.9","2474"
"Bailey, Homer",456701,2019,21.4,7.6,5.7,39.5,42.4,24.3,45.3,"93","2092"
"Anderson, Brett",474463,2019,12.1,6.6,7.3,40,34.8,17,55.5,"89.4","2028"
"Miley, Wade",489119,2019,19.4,8.5,4.3,32.5,38.2,22.9,50.3,"90.8","2210"
"Quintana, Jose",500779,2019,20.4,6.2,5.7,37.9,39.2,20.9,45.4,"91.4","2016"
"Minor, Mike",501985,2019,23.2,7.9,7,30.4,37.8,26.2,41.3,"92.5","2650"
"Porcello, Rick",519144,2019,18.6,5.9,9.6,37.7,29.1,18,38.7,"91","2434"
"Teheran, Julio",527054,2019,21.5,11,6.9,35.4,32.6,22.2,40.3,"89.7","2400"
"DeSclafani, Anthony",543101,2019,24,7,7.1,38.7,43.5,23.6,43.7,"94.7","2249"
"Gray, Sonny",543243,2019,29,9.6,6.8,33.3,51,28.4,52.6,"93.3","2526"
"Strasburg, Stephen",544931,2019,29.8,6.7,6.1,33.8,47.7,30.6,51.7,"93.9","2168"
"Bauer, Trevor",545333,2019,27.8,9,8.6,37.7,52,29.4,38.8,"94.5","2412"
"Wheeler, Zack",554430,2019,23.6,6,5.3,32.4,35.2,23,44.7,"96.8","2341"
"Boyd, Matthew",571510,2019,30.2,6.3,9,35.3,50.9,31.1,36,"92.1","2384"
"Stroman, Marcus",573186,2019,20.5,7.5,4.1,35.6,42.6,24.7,53.9,"93","2459"
"Syndergaard, Noah",592789,2019,24.5,5.9,4.9,31.2,43.5,26.9,48.5,"97.8","2197"
"Rodriguez, Eduardo",593958,2019,24.8,8.7,5.9,29.4,39.4,27.4,49.5,"93","2202"
"deGrom, Jacob",594798,2019,31.7,5.5,4.8,30.8,45.7,31.4,45.2,"96.9","2388"
"Gonzales, Marco",594835,2019,17,6.5,4.9,35.2,25.9,18,41.9,"88.9","2252"
"Junis, Jakob",596001,2019,21.3,7.5,8.6,41.2,43.6,22.6,43.2,"91.7","2079"
"Musgrove, Joe",605397,2019,21.9,5.4,6.4,38.7,44.9,24.6,44.9,"92.7","2419"
"Nola, Aaron",605400,2019,26.9,9.4,6.8,39.5,42.6,26.7,50.9,"93.1","2171"
"Fried, Max",608331,2019,24.6,6.7,4.4,39.1,45.7,26,54.6,"93.8","2077"
"Buehler, Walker",621111,2019,29.2,5,5.4,36.4,42.8,26.8,43.1,"96.5","2456"
"Castillo, Luis",622491,2019,29,10,5.1,33.6,52.2,35.9,56.5,"96.4","2170"
"López, Reynaldo",625643,2019,20.9,8,7.6,38.3,40.9,24.7,34.9,"95.4","2137"
"Keller, Brad",641745,2019,17.2,9.9,5.9,38.6,38.5,19.9,50.8,"93.7","2296"
"Lucchesi, Joey",664192,2019,23,8.2,7.2,36.4,44.9,25.4,48.7,"90.4","2230"
"Bieber, Shane",669456,2019,30.2,4.7,8.5,43.3,54.9,30.7,44.8,"93.1","2254"
"Wainwright, Adam",425794,2020,20.6,5.7,6.3,36.6,41.4,24.1,44,"89.2","2218"
"Greinke, Zack",425844,2020,24.5,3.3,8.2,35.2,46.5,27.7,42.9,"88.1","2327"
"Scherzer, Max",453286,2020,31.2,7.8,8.4,36.3,47.8,32.5,34.6,"94.7","2472"
"Cueto, Johnny",456501,2020,20.2,9.4,5.7,33.9,31.9,19.9,42.7,"91.4","2222"
"Bauer, Trevor",545333,2020,36,6.1,6.3,38,47.8,30.4,36.1,"93.5","2779"
"Wheeler, Zack",554430,2020,18.4,5.6,3.8,34,30.7,22.6,56.6,"96.9","2334"
"Boyd, Matthew",571510,2020,22.1,8.1,10.9,37,48.1,28.1,38,"91.7","2304"
"Heaney, Andrew",571760,2020,25.1,6.8,7.4,39.4,42,27.9,38.8,"91.5","2435"
"Keuchel, Dallas",572971,2020,16.3,6.6,4,31.3,35.8,23.8,53.5,"88.3","2218"
"deGrom, Jacob",594798,2020,38.8,6.7,9.6,33.6,58.3,41,42.5,"98.6","2477"
"Gonzales, Marco",594835,2020,23.1,2.5,8.4,34.3,31.1,19.8,37.6,"88.2","2154"
"Bassitt, Chris",605135,2020,21.1,6.5,5.9,37.4,34.2,23,44.9,"93.3","2160"
"Bundy, Dylan",605164,2020,27,6.4,4.6,32.9,51.6,29.3,42.8,"90","2424"
"Nola, Aaron",605400,2020,33.2,8,5.4,38.1,45.1,31.2,49.4,"92.8","2180"
"Woodruff, Brandon",605540,2020,31.1,6.1,7.2,33.9,39.1,28.9,51.1,"96.6","2457"
"Mills, Alec",621219,2020,18.3,7.5,9.2,39.5,26.6,17.9,48.1,"89.8","2181"
"Castillo, Luis",622491,2020,30.5,8.2,4.5,37.1,53.7,32.8,58.4,"97.4","2181"
"Senzatela, Antonio",622608,2020,13.5,5.9,5.4,38.3,36.9,18.6,50.8,"94.3","2140"
"Maeda, Kenta",628317,2020,32.3,4,7,24.7,55.5,34.9,49.4,"91.6","2270"
"Civale, Aaron",650644,2020,22.1,5.1,6.7,33.5,40.6,24.9,45.1,"91.2","2346"
"Singer, Brady",663903,2020,23.2,8.7,4.5,40.1,44.3,24.2,53.7,"92.9","2196"
"Gallen, Zac",668678,2020,28.2,8.6,7.2,32.6,48.3,30.2,47,"93.2","2378"
"Bieber, Shane",669456,2020,41.1,7.1,7.2,43.1,64,40.7,48.4,"94.1","2357"
"Wainwright, Adam",425794,2021,21,6,6.2,35.6,37.7,20.2,48.7,"89","2231"
"Greinke, Zack",425844,2021,17.2,5.2,6.5,35.4,40.4,21.8,45.6,"88.9","2234"
"Morton, Charlie",450203,2021,28.6,7.7,4.9,32.5,51.2,29.1,49.5,"95.5","2340"
"Scherzer, Max",453286,2021,34.1,5.2,8,34.3,54.7,34.2,35,"94.3","2436"
"Miley, Wade",489119,2021,18.1,7.2,6.1,34.2,32.5,23.9,50.8,"89.9","2239"
"Anderson, Tyler",542881,2021,19.1,5.4,8.5,33,31.5,23.1,37.7,"90.6","2291"
"DeSclafani, Anthony",543101,2021,22.5,6.2,8.1,38.8,45.7,24.2,45,"94.1","2265"
"Wheeler, Zack",554430,2021,29.1,5.4,4.6,28.5,42.7,26.8,50.9,"97.2","2388"
"Keuchel, Dallas",572971,2021,13.2,8.2,9,39.8,34.7,21.1,54.8,"89","2210"
"Stroman, Marcus",573186,2021,21.7,5.9,6.5,42,48,26.8,52.6,"92.6","2438"
"Musgrove, Joe",605397,2021,27.1,7.2,7.2,38.5,52.8,30,45,"93.3","2600"
"Nola, Aaron",605400,2021,29.8,5.2,7.1,37.4,45.9,27.9,41.6,"92.9","2198"
"Woodruff, Brandon",605540,2021,29.8,6.1,5.8,32.7,39.8,28.2,43.4,"96.5","2356"
"Fried, Max",608331,2021,23.7,6.1,6.3,34.3,48.8,24.8,53.8,"94","2114"
"Irvin, Cole",608344,2021,16.3,5.5,7.3,39.3,29.8,19.5,38.6,"90.8","1957"
"Buehler, Walker",621111,2021,26,6.4,6.8,37.1,47,26.5,46.2,"95.3","2472"
"Castillo, Luis",622491,2021,23.9,9.3,4.5,36.9,43.4,28.9,57.8,"97.1","2325"
"Manaea, Sean",640455,2021,25.7,5.4,8,41.2,42,27.1,42.7,"92.2","1958"
"Cease, Dylan",656302,2021,31.9,9.6,9.9,38.8,52.5,34.6,34.6,"96.6","2539"
"Burnes, Corbin",669203,2021,35.6,5.2,3.1,30.5,59.8,37.3,50.1,"96.6","2615"
"Wainwright, Adam",425794,2022,17.8,6.7,6.5,36.6,31.5,16.9,43.7,"88","2235"
"Kluber, Corey",446372,2022,20.2,3,6.9,34.7,40.7,23.9,36.8,"88.9","2275"
"Morton, Charlie",450203,2022,28.2,8.7,9.5,42.1,51.5,29.3,39.6,"94.9","2375"
"Quintana, Jose",500779,2022,20.2,6.9,5.5,35.8,37,24,47,"91.2","2078"
"Anderson, Tyler",542881,2022,19.5,4.8,4.9,28.5,38.6,24.3,40.9,"90.7","2230"
"Gonzales, Marco",594835,2022,13.2,6.4,7.2,35,25.6,18.3,42.9,"88.5","1987"
"Pivetta, Nick",601713,2022,22.6,9.4,9,45.6,40.4,23.5,38.5,"93.4","2310"
"Bassitt, Chris",605135,2022,22.4,6.6,6.6,32.8,35.1,23.6,49.7,"93.2","2192"
"Musgrove, Joe",605397,2022,24.9,5.7,6,32.5,42.2,25.5,45.9,"92.9","2560"
"Nola, Aaron",605400,2022,29.1,3.6,7.1,31.6,46.8,27.9,44.2,"92.8","2310"
"Rodón, Carlos",607074,2022,33.4,7.3,6.5,39.8,48.1,31.2,35.3,"95.5","2352"
"Fried, Max",608331,2022,23.2,4.4,4,32.1,43.2,26.1,51.2,"94","2143"
"Irvin, Cole",608344,2022,17.3,4.9,9.6,39.5,31.8,20.6,37.5,"90.7","1976"
"Quantrill, Cal",615698,2022,16.6,6.1,7.5,35.7,28,18.5,42.4,"93.9","2192"
"Cease, Dylan",656302,2022,30.4,10.4,6.2,31.2,49.6,33.3,39.4,"96.8","2507"
"Montgomery, Jordan",656756,2022,21.8,5,7.1,37.5,41,27.5,47.9,"93","2310"
"Webb, Logan",657277,2022,20.7,6.2,5.5,39,43.6,24.1,57.8,"92.3","2060"
"Ohtani, Shohei",660271,2022,33.2,6.7,6.3,33.2,59.5,33.1,41.9,"97.3","2218"
"Urquidy, José",664353,2022,19.7,5.6,9.4,40.8,36.5,22.3,36.7,"93.5","2202"
"Gallen, Zac",668678,2022,26.9,6.6,7.8,36.1,38.9,23,46.7,"94.1","2420"
"Burnes, Corbin",669203,2022,30.5,6.4,5.7,34.1,56.5,35.2,47.6,"96.4","2659"
"Gilbert, Logan",669302,2022,22.7,6.4,7.1,45.6,37.7,24.2,37.8,"96.1","2135"
"Bieber, Shane",669456,2022,25,4.6,7.2,43.1,59.7,29.7,48.8,"91.3","2205"
"Morton, Charlie",450203,2023,25.6,11.6,7.8,39.1,56.5,32.2,44.2,"94.9","2305"
"Gray, Sonny",543243,2023,24.3,7.3,6.9,39.2,51.4,26.1,48,"92.9","2537"
"Wheeler, Zack",554430,2023,26.9,5,5.1,36.4,46.9,28.6,41.2,"95.8","2495"
"Bassitt, Chris",605135,2023,22.5,7.1,8.3,35.3,36.3,21.9,42.9,"92.4","2153"
"Nola, Aaron",605400,2023,25.5,5.7,8.3,38.5,42,26,43.1,"92.7","2306"
"Snell, Blake",605483,2023,31.5,13.3,7.4,33.8,58.4,37.3,43.7,"95.5","2430"
"Castillo, Luis",622491,2023,27.3,7,9.4,41.8,48.2,30.6,39.5,"96.3","2287"
"Cease, Dylan",656302,2023,27.3,10.1,6.2,41.6,55.5,31,36.8,"95.6","2519"
"Montgomery, Jordan",656756,2023,21.4,6.2,7.5,37.9,43,26,43.8,"93.2","2345"
"Webb, Logan",657277,2023,22.8,3.6,6.9,46,39,20.8,62.7,"92.6","1979"
"Javier, Cristian",664299,2023,23.1,9,9.4,38.3,42.2,27.1,26.1,"92.7","2255"
"Luzardo, Jesús",666200,2023,28.1,7.4,9.5,40,54.2,31.4,41.1,"96.7","2250"
"Gallen, Zac",668678,2023,26,5.6,9.2,46.2,50.3,26.4,42.3,"93.5","2297"
"Burnes, Corbin",669203,2023,25.5,8.4,5.3,32.4,48.8,28.8,44.1,,
"Gilbert, Logan",669302,2023,24.5,4.7,9,44.6,49.3,26.4,42.2,"95.7","2000"
"Kirby, George",669923,2023,22.7,2.5,7.5,40.9,39.1,22.9,44.6,"96.1","2210"
"Oviedo, Johan",670912,2023,20.2,10.6,7.6,40.2,52.1,26,44.6,"95.8","2269"
"Senga, Kodai",673540,2023,29.1,11.1,6.8,40.6,54.3,29.7,44,"95.7","2283"
"Strider, Spencer",675911,2023,36.8,7.6,8.2,36.1,65,38.6,34.9,"97.2","2362"
"Sears, JP",676664,2023,21.9,7.2,11.1,38.4,36.4,24.8,30.5,"93.1","2135"
"Morton, Charlie",450203,2024,23.8,9.3,9.3,38.4,48.5,26.1,47.2,"94.1","2249"
"Quintana, Jose",500779,2024,18.8,8.8,6.7,38.2,38.7,22.2,48.2,"90.7","2073"
"Anderson, Tyler",542881,2024,18.6,9.5,7.9,33,43.1,27.8,38.3,"89.5","2196"
"Gray, Sonny",543243,2024,30.3,5.8,8.9,37.9,56.7,29.8,44.2,"92.4","2515"
"Wheeler, Zack",554430,2024,28.5,6.6,8.3,33.6,39.7,27.5,43.1,"95.3","2431"
"Bassitt, Chris",605135,2024,22.2,9.2,7.5,37.1,34.2,21.7,40.9,"92.6","2162"
"Nola, Aaron",605400,2024,24,6.1,7.2,38.2,42.6,25.2,44.6,"92.5","2307"
"Rodón, Carlos",607074,2024,26.5,7.7,11,40.9,50.5,30.1,34.6,"95.4","2384"
"Fedde, Erick",607200,2024,21.2,7.2,7.6,37.7,37.9,21.6,41.7,"93.3","2076"
"Lugo, Seth",607625,2024,21.7,5.7,8,39,42.7,22.5,44.8,"92.2","2368"
"Fried, Max",608331,2024,23.2,8,5,34.6,41.8,24.1,59.2,"93.9","2225"
"Castillo, Luis",622491,2024,24.3,6.5,8.5,41.9,43.5,25.9,40.9,"95.6","2155"
"Severino, Luis",622663,2024,21.2,7.9,5.7,35.6,37.7,22,46.3,"96.2","2220"
"Manaea, Sean",640455,2024,24.9,8.5,7.5,37.8,43.9,26.1,37.8,"92.2","2014"
"Cortes, Nestor",641482,2024,22.8,5.5,7.9,43.6,35.5,24.2,31.9,"92.1","2309"
"Canning, Griffin",656288,2024,17.6,8.9,8.6,41.9,45.9,24.5,41.3,"93.4","2118"
"Cease, Dylan",656302,2024,29.4,8.5,8.5,38.6,52.4,32.4,40.3,"96.9","2557"
"Webb, Logan",657277,2024,20.5,5.9,7,46.2,35.7,20.8,57.2,"92.6","2054"
"Singer, Brady",663903,2024,22.3,7.1,8,41.7,51.4,25.1,48.3,"91.7","2364"
"Ragans, Cole",666142,2024,29.3,8.8,6.2,35.4,48.7,32,41.4,"95.4","2553"
"Burnes, Corbin",669203,2024,23.1,6.1,6.7,31.6,51.6,28.6,48.8,"96.3","1805"
"Gilbert, Logan",669302,2024,27.4,4.6,7.2,39.3,58.7,31.7,45.2,"96.6","2034"
"Kirby, George",669923,2024,23,3,8.1,36.3,39.3,24.1,42.8,"96","2233"
"Bibee, Tanner",676440,2024,26.3,6.2,7,36.9,40.7,26.9,35.2,"94.6","2361"
"Sears, JP",676664,2024,18.1,6.5,10.2,40.2,34,21.8,37.9,"91.9","2087"
"Brown, Hunter",686613,2024,25.1,8.4,4.5,30.3,40,25.1,48.5,"96","2298"
"Pfaadt, Brandon",694297,2024,24.3,5.5,8.1,39.4,46.4,25.4,42.2,"93.8","2557"
"Gray, Sonny",543243,2025,26.7,5,9.8,40.7,54.8,27.5,45.1,"91.7","2502"
"Boyd, Matthew",571510,2025,21.4,5.8,9,38,38.6,23.1,39,"93.3","2318"
"deGrom, Jacob",594798,2025,27.7,5.5,9.2,41.9,53.6,30.2,38.1,"97.5","2519"
"Pivetta, Nick",601713,2025,26.4,6.9,10.9,45,38.8,24.6,34.1,"93.8","2325"
"Bassitt, Chris",605135,2025,22.6,7.1,8.5,36.6,36.9,23.3,46.1,"91.5","2149"
"Holmes, Clay",605280,2025,18.2,9.3,6.8,42.3,42.3,22.1,55.9,"93.2","2304"
"Rodón, Carlos",607074,2025,25.7,9.3,7.5,38.9,50.5,30.3,44,"94.1","2347"
"Fried, Max",608331,2025,23.6,6.4,6.9,37.2,45.9,26.6,52.6,"95.8","2211"
"Castillo, Luis",622491,2025,21.7,6.2,10.4,46.4,38.3,24.6,41.1,"95","2211"
"Severino, Luis",622663,2025,17.6,7.1,6,41.9,28.9,18.3,41.9,"96.1","2284"
"Cease, Dylan",656302,2025,29.8,9.8,8.6,37.5,54.7,33.4,37.3,"97.1","2550"
"Webb, Logan",657277,2025,26.2,5.4,8.3,40.2,47.2,24.7,54.2,"92.8","2118"
"Singer, Brady",663903,2025,22.8,8.4,9.4,40.7,45.4,24,39.7,"91.3","2443"
"Luzardo, Jesús",666200,2025,28.5,7.5,6.6,37.1,53.3,30.8,42.7,"96.5","2239"
"Gallen, Zac",668678,2025,21.5,8.1,9.7,43,47.6,23.7,44.4,"93.5","2322"
"Bibee, Tanner",676440,2025,21.3,7.1,8,36.6,44.2,23.8,45.3,"94.4","2243"
"Crochet, Garrett",676979,2025,31.3,5.7,7.3,37.3,50,29.4,49.3,"96.4","2459"
"Parker, Mitchell",680730,2025,14.2,8,9.6,50,39.7,19.6,37.7,"93","2168"
"Brown, Hunter",686613,2025,28.3,7.8,5.9,32.2,43.7,27.8,48.1,"96.6","2276"
"Pepiot, Ryan",686752,2025,24.6,9,9.7,42.5,41.2,26,38.7,"95.2","2413"
"Woo, Bryan",693433,2025,27.1,4.9,9.1,41.8,44.5,26.2,41.4,"95.7","2296"
"Pfaadt, Brandon",694297,2025,19.2,4.8,10.9,45.8,40.7,22.1,42.3,"93.6","2569"